-- 動作確認用シードデータ
-- 注意: profiles はログインユーザーが必要なので、このシードでは作らない
--       Supabase Auth でユーザーを作ったあと、UI から店舗とひも付ける運用

insert into tenants (id, name) values
  ('00000000-0000-0000-0000-000000000001', 'I.BE LABO 本部');

insert into stores (id, tenant_id, name, address) values
  ('00000000-0000-0000-0000-000000000010',
   '00000000-0000-0000-0000-000000000001',
   '名古屋本店',
   '愛知県名古屋市');

-- ヴィンテージコイン (個体管理)
insert into items (id, tenant_id, store_id, category, tracking_type, name, country, denomination, unit_cost, reorder_point) values
  ('00000000-0000-0000-0000-000000000100',
   '00000000-0000-0000-0000-000000000001',
   '00000000-0000-0000-0000-000000000010',
   'coin', 'individual', 'シックスペンス', 'イギリス', '6 pence', 800, 5),
  ('00000000-0000-0000-0000-000000000101',
   '00000000-0000-0000-0000-000000000001',
   '00000000-0000-0000-0000-000000000010',
   'coin', 'individual', 'クローネ', 'デンマーク', '1 krone', 600, 5);

-- 個体サンプル
insert into item_units (item_id, store_id, year, condition, acquisition_cost, status) values
  ('00000000-0000-0000-0000-000000000100', '00000000-0000-0000-0000-000000000010', 1962, 'fine', 850, 'in_stock'),
  ('00000000-0000-0000-0000-000000000100', '00000000-0000-0000-0000-000000000010', 1965, 'mint', 950, 'in_stock'),
  ('00000000-0000-0000-0000-000000000100', '00000000-0000-0000-0000-000000000010', 1958, 'worn', 700, 'in_stock'),
  ('00000000-0000-0000-0000-000000000101', '00000000-0000-0000-0000-000000000010', 1979, 'fine', 600, 'in_stock'),
  ('00000000-0000-0000-0000-000000000101', '00000000-0000-0000-0000-000000000010', 1985, 'mint', 700, 'in_stock');

-- 消耗品 (数量管理)
insert into items (id, tenant_id, store_id, category, tracking_type, name, unit, unit_cost, reorder_point) values
  ('00000000-0000-0000-0000-000000000200',
   '00000000-0000-0000-0000-000000000001',
   '00000000-0000-0000-0000-000000000010',
   'material', 'quantity', 'スチールウール', '個', 100, 10),
  ('00000000-0000-0000-0000-000000000201',
   '00000000-0000-0000-0000-000000000001',
   '00000000-0000-0000-0000-000000000010',
   'material', 'quantity', 'コーティング剤', 'ml', 5, 100),
  ('00000000-0000-0000-0000-000000000202',
   '00000000-0000-0000-0000-000000000001',
   '00000000-0000-0000-0000-000000000010',
   'material', 'quantity', '専用ケース', '個', 200, 5),
  ('00000000-0000-0000-0000-000000000203',
   '00000000-0000-0000-0000-000000000001',
   '00000000-0000-0000-0000-000000000010',
   'material', 'quantity', 'ネックレスチェーン', '本', 300, 5);

-- 初期入庫
insert into stock_movements (store_id, item_id, movement_type, quantity, note) values
  ('00000000-0000-0000-0000-000000000010', '00000000-0000-0000-0000-000000000200', 'inbound', 50, '開店時入庫'),
  ('00000000-0000-0000-0000-000000000010', '00000000-0000-0000-0000-000000000201', 'inbound', 500, '開店時入庫'),
  ('00000000-0000-0000-0000-000000000010', '00000000-0000-0000-0000-000000000202', 'inbound', 30, '開店時入庫'),
  ('00000000-0000-0000-0000-000000000010', '00000000-0000-0000-0000-000000000203', 'inbound', 20, '開店時入庫');

-- 体験メニュー
insert into experience_menus (id, tenant_id, store_id, name, price, duration_minutes, description) values
  ('00000000-0000-0000-0000-000000000300',
   '00000000-0000-0000-0000-000000000001',
   '00000000-0000-0000-0000-000000000010',
   'コインリング', 6500, 90, '世界各国のヴィンテージコインからリングを作る'),
  ('00000000-0000-0000-0000-000000000301',
   '00000000-0000-0000-0000-000000000001',
   '00000000-0000-0000-0000-000000000010',
   'コインリング + ネックレス', 7500, 120, 'リングをネックレスにできるセット');

-- BOM (1回の体験で必要な部材)
-- リング:        コイン1枚 + スチールウール1個 + コーティング剤5ml + 専用ケース1個
-- リング+ネック:  + ネックレスチェーン1本
insert into boms (menu_id, item_id, quantity) values
  ('00000000-0000-0000-0000-000000000300', '00000000-0000-0000-0000-000000000100', 1), -- コインはどちらか
  ('00000000-0000-0000-0000-000000000300', '00000000-0000-0000-0000-000000000200', 1),
  ('00000000-0000-0000-0000-000000000300', '00000000-0000-0000-0000-000000000201', 5),
  ('00000000-0000-0000-0000-000000000300', '00000000-0000-0000-0000-000000000202', 1),
  ('00000000-0000-0000-0000-000000000301', '00000000-0000-0000-0000-000000000100', 1),
  ('00000000-0000-0000-0000-000000000301', '00000000-0000-0000-0000-000000000200', 1),
  ('00000000-0000-0000-0000-000000000301', '00000000-0000-0000-0000-000000000201', 5),
  ('00000000-0000-0000-0000-000000000301', '00000000-0000-0000-0000-000000000202', 1),
  ('00000000-0000-0000-0000-000000000301', '00000000-0000-0000-0000-000000000203', 1);
